test_sub_num,accuracy
00,0.8564453125
01,0.8108522308259587
02,0.719640899122807
03,0.812081866197183
04,0.74453125
05,0.8227513227513228
06,0.8100357587064676
07,0.8527516171993912
08,0.6477141203703703
09,0.7713598588342441
10,0.8045138888888889
11,0.6484375
12,0.7020140481651376
13,0.8585069444444444
14,0.8522135416666666
15,0.8856534090909091
16,0.6768233808674985
17,0.6029543821839081
18,0.6885190217391305
19,0.5983958255071374
