test_sub_num,accuracy
00,0.8409830729166666
01,0.7904529252704031
02,0.7358741091008771
03,0.7643705985915493
04,0.748828125
05,0.8300595238095239
06,0.8444574004975125
07,0.8645773877473364
08,0.7149884259259259
09,0.748747723132969
10,0.8315972222222222
11,0.6372767857142857
12,0.518500931766055
13,0.8515625
14,0.8522677951388888
15,0.8693181818181818
16,0.6870125891265597
17,0.5360460749738767
18,0.7149909420289855
19,0.6147662706611571
