test_sub_num,accuracy
00,0.85986328125
01,0.7944782448377582
02,0.8260005482456141
03,0.8508289319248826
04,0.773046875
05,0.8394345238095239
06,0.848056592039801
07,0.8706537766362252
08,0.7583912037037037
09,0.8020904485428051
10,0.8522569444444444
11,0.5876116071428571
12,0.6428424240252294
13,0.8637152777777778
14,0.88623046875
15,0.9044744318181818
16,0.7566984180035651
17,0.656592868338558
18,0.7278985507246376
19,0.7813585884673178
