test_sub_num,accuracy
00,0.8815104166666666
01,0.8416682030481809
02,0.8389357182017544
03,0.835724765258216
04,0.802734375
05,0.8498429232804233
06,0.8651041666666667
07,0.8612121860730594
08,0.7747395833333334
09,0.825136612021858
10,0.8463541666666666
11,0.6143973214285714
12,0.7407808916284404
13,0.8619791666666666
14,0.8505859375
15,0.9051846590909091
16,0.7984857768865122
17,0.717321381922675
18,0.7742527173913043
19,0.8023513805409466
